"","x"
"1","Gravel"
"2","Bare"
"3","Litter"
"4","Wood"
"5","Rock"
"6","Root"
"7","Carex spp."
"8","Unidentified grass"
"9","Cirsium spp."
"10","Cirsium spp."
"11","Gravel"
"12","Litter"
"13","Bare"
"14","Carex spp."
"15","Wood"
"16","Rock"
"17","Root"
"18","Unidentified grass"
"19","Animal feces"
"20","Cirsium spp."
"21","Cirsium spp."
"22","Litter"
"23","Bare"
"24","Wood"
"25","Carex spp."
"26","Cirsium sp."
"27","Unidentified grass"
"28","Unidentified grass"
"29","Geranium species"
"30","Hieracium spp."
"31","Unidentified forb"
"32","Oenothera sp."
"33","Bare"
"34","Pumice soil"
"35","Litter"
"36","Wood"
"37","Cirsium sp."
"38","Unknown plant"
"39","Cirsium sp."
"40","Oenothera sp."
"41","Oenothera sp."
"42","Pumice soil"
"43","Bare"
"44","Litter"
"45","Unidentified grass"
"46","Wood"
"47","dead, attached BRIN lvs on grnd over bare"
"48","Unidentified forb"
"49","Unidentified subshrub"
"50","Unidentified forb"
"51","Unknown plant"
"52","Moss"
"53","Pumice soil"
"54","Litter"
"55","Bare"
"56","Wood"
"57","Unidentified grass"
"58","Moss"
"59","Unidentified forb"
"60","Erigeron spp."
"61","Oenothera sp."
"62","Bare"
"63","Rock"
"64","Litter"
"65","Moss"
"66","Carex spp."
"67","Wood"
"68","Unidentified tree"
"69","Animal feces"
"70","Root"
"71","Unidentified grass"
"72","Agropyron species"
"73","Elymus species"
"74","Mushroom"
"75","Litter"
"76","Bare"
"77","Rock"
"78","Wood"
"79","Moss"
"80","Unidentified grass"
"81","Carex spp."
"82","Bare"
"83","Rock"
"84","Litter"
"85","Wood"
"86","Carex spp."
"87","Litter"
"88","Rock"
"89","Bare"
"90","Unidentified grass"
"91","Moss"
"92","Wood"
"93","Unidentified forb"
"94","Litter"
"95","Rock"
"96","Bare"
"97","Wood"
"98","Agropyron sp."
"99","Moss"
"100","Carex spp."
"101","Unidentified forb"
"102","Unidentified grass"
"103","Bare"
"104","Litter"
"105","Moss"
"106","Carex spp."
"107","Wood"
"108","Unidentified grass"
"109","Rock"
"110","Unidentified grass"
"111","Litter"
"112","Moss"
"113","Bare"
"114","Carex spp."
"115","Gravel"
"116","Unidentified grass"
"117","Root"
"118","Wood"
"119","Unidentified grass"
"120","Litter"
"121","Moss"
"122","Wood"
"123","Carex spp."
"124","Unidentified grass"
"125","Elymus sp."
"126","Bare"
"127","Litter"
"128","Pumice soil"
"129","Wood"
"130","Rock"
"131","Moss"
"132","Root"
"133","Carex spp."
"134","Carex spp."
"135","Litter"
"136","dead, attached BRIN lvs on grnd over bare"
"137","Moss"
"138","Bare"
"139","Pumice soil"
"140","Wood"
"141","Carex spp."
"142","Animal feces"
"143","Unidentified grass"
"144","Unidentified forb"
"145","Litter"
"146","Bare"
"147","Moss"
"148","Wood"
"149","Carex spp."
"150","Erigeron spp."
"151","Litter"
"152","Rock"
"153","Bare"
"154","Gravel"
"155","Moss"
"156","Animal feces"
"157","Wood"
"158","Carex spp."
"159","Unidentified grass"
"160","Agropyron species"
"161","Mushroom"
"162","Unidentified grass"
"163","Litter"
"164","Rock"
"165","Moss"
"166","Bare"
"167","Wood"
"168","Gravel"
"169","Carex spp."
"170","Animal feces"
"171","Fungus"
"172","Unidentified grass"
"173","Unidentified forb"
"174","Unidentified grass"
"175","Litter"
"176","Bare"
"177","Rock"
"178","Wood"
"179","Aristida spp."
"180","Carex spp."
"181","Rock"
"182","Bare"
"183","Litter"
"184","Carex spp."
"185","Wood"
"186","Cirsium sp."
"187","Litter"
"188","Rock"
"189","Pumice soil"
"190","Bare"
"191","Wood"
"192","Unidentified grass"
"193","Unidentified forb"
"194","Unidentified forb"
"195","Rock"
"196","Litter"
"197","Bare"
"198","Animal feces"
"199","Carex spp."
"200","Wood"
"201","Carex spp."
"202","Moss"
"203","Litter"
"204","Moss"
"205","Bare"
"206","Wood"
"207","Rock"
"208","Animal feces"
"209","Root"
"210","Carex spp."
"211","Unidentified grass"
"212","Mushroom"
"213","Unidentified forb"
"214","Litter"
"215","Moss"
"216","Bare"
"217","Wood"
"218","Animal feces"
"219","Carex spp."
"220","Rock"
"221","Gravel"
"222","Fungus"
"223","Unidentified forb"
"224","Unidentified grass"
"225","Litter"
"226","Bare"
"227","Wood"
"228","Carex spp."
"229","Senecio sp."
"230","Solidago spp."
"231","Aristida spp."
"232","Unidentified grass"
"233","Bare"
"234","Litter"
"235","Rock"
"236","Animal feces"
"237","Oenothera sp."
"238","Carex spp."
"239","Cirsium sp."
"240","Wood"
"241","Unidentified grass"
"242","Bare"
"243","Litter"
"244","Unidentified forb"
"245","Wood"
"246","Unidentified grass"
"247","Unidentified grass"
"248","Unidentified forb"
"249","Bare"
"250","Litter"
"251","Wood"
"252","Rock"
"253","Carex spp."
"254","Cryptogam"
"255","Erigeron spp."
"256","Erigeron spp."
"257","Litter"
"258","Moss"
"259","Gravel"
"260","Wood"
"261","litter"
"262","Carex spp."
"263","Animal feces"
"264","Rock"
"265","Unidentified grass"
"266","Unidentified forb"
"267","Litter"
"268","Moss"
"269","Gravel"
"270","Bare"
"271","Wood"
"272","Frovaria sp."
"273","Animal feces"
"274","Fungus"
"275","Carex spp."
"276","litter"
"277","Unidentified forb"
"278","Unidentified grass"
"279","Agropyron species"
"280","Litter"
"281","Bare"
"282","Wood"
"283","Antennaria spp."
"284","Animal feces"
"285","Carex spp."
"286","Unidentified grass"
"287","Senecio sp."
"288","Bare"
"289","Pumice soil"
"290","Litter"
"291","Wood"
"292","Human debris, inorganic"
"293","Unidentified forb"
"294","Unidentified grass"
"295","Pumice soil"
"296","Litter"
"297","Bare"
"298","Unidentified grass"
"299","Animal feces"
"300","Unidentified forb"
"301","Wood"
"302","Root"
"303","Unidentified grass"
"304","Unidentified forb"
"305","Pumice soil"
"306","Litter"
"307","Wood"
"308","Bare"
"309","Moss"
"310","Unidentified forb"
"311","Oenothera sp."
"312","Carex spp."
"313","Litter"
"314","Gravel"
"315","Bare"
"316","Wood"
"317","Moss"
"318","Animal feces"
"319","Carex spp."
"320","Cirsium spp."
"321","Litter"
"322","Gravel"
"323","Wood"
"324","Moss"
"325","Bare"
"326","Carex spp."
"327","Rock"
"328","litter"
"329","Cirsium spp."
"330","Animal feces"
"331","Frovaria sp."
"332","Litter"
"333","Bare"
"334","Wood"
"335","Carex spp."
"336","Senecio sp."
"337","Animal feces"
"338","Elymus sp."
"339","Cirsium sp."
"340","Solidago spp."
"341","Unidentified forb"
"342","Solidago spp."
"343","Pumice soil"
"344","Bare"
"345","Litter"
"346","Carex spp."
"347","Wood"
"348","Unidentified grass"
"349","Lappula sp."
"350","Unidentified grass"
"351","Cirsium sp."
"352","Phacelia spp."
"353","Cirsium sp."
"354","Pumice soil"
"355","Litter"
"356","Bare"
"357","Unidentified grass"
"358","Unidentified forb"
"359","Unidentified grass"
"360","Wood"
"361","Cryptogam"
"362","Unidentified forb"
"363","Pumice soil"
"364","Litter"
"365","Bare"
"366","Wood"
"367","Unidentified grass"
"368","Chenopodium sp."
"369","Animal feces"
"370","Agropyron sp."
"371","Oenothera sp."
"372","Erigeron spp."
"373","Unidentified forb"
"374","unknown Composite"
"375","Carex spp."
"376","Litter"
"377","Bare"
"378","Moss"
"379","Rock"
"380","Wood"
"381","Gravel"
"382","Root"
"383","Unidentified grass"
"384","Carex spp."
"385","Unidentified grass"
"386","Unidentified forb"
"387","Litter"
"388","Moss"
"389","Bare"
"390","Rock"
"391","Wood"
"392","Carex spp."
"393","Unidentified forb"
"394","Animal feces"
"395","Gravel"
"396","Carex spp."
"397","Unidentified grass"
"398","Agropyron species"
"399","Litter"
"400","Bare"
"401","Rock"
"402","Wood"
"403","Moss"
"404","Carex spp."
"405","Hieracium spp."
"406","Unidentified grass"
"407","Solidago spp."
"408","Bare"
"409","Litter"
"410","Wood"
"411","Rock"
"412","Solidago spp."
"413","Oenothera sp."
"414","Carex spp."
"415","Bare"
"416","Litter"
"417","Rock"
"418","Unidentified grass"
"419","Moss"
"420","Wood"
"421","Unidentified grass"
"422","Unidentified forb"
"423","Unidentified forb"
"424","Bare"
"425","Litter"
"426","Rock"
"427","Erigeron spp."
"428","Moss"
"429","Cryptogam"
"430","Agropyron sp."
"431","Wood"
"432","Carex spp."
"433","Animal feces"
"434","Aster sp."
"435","Unidentified grass"
"436","unknown Composite"
"437","Unidentified forb"
"438","Erigeron spp."
"439","Litter"
"440","Rock"
"441","Gravel"
"442","Bare"
"443","Wood"
"444","litter"
"445","Animal feces"
"446","Unidentified grass"
"447","Carex spp."
"448","Unidentified forb"
"449","Unidentified grass"
"450","Cirsium spp."
"451","Cirsium spp."
"452","Unidentified shrub"
"453","Unidentified grass"
"454","Litter"
"455","Rock"
"456","Gravel"
"457","Wood"
"458","Bare"
"459","Carex spp."
"460","litter"
"461","Animal feces"
"462","Unidentified forb"
"463","Moss"
"464","Unidentified grass"
"465","Cirsium spp."
"466","Unidentified tree"
"467","Litter"
"468","Wood"
"469","Bare"
"470","Carex spp."
"471","Rock"
"472","Solidago spp."
"473","Aristida spp."
"474","Geranium species"
"475","Litter"
"476","Rock"
"477","Bare"
"478","Pumice soil"
"479","Wood"
"480","Cirsium sp."
"481","Lappula sp."
"482","Carex spp."
"483","Aster sp."
"484","Litter"
"485","Rock"
"486","Bare"
"487","Pumice soil"
"488","Unidentified grass"
"489","Wood"
"490","Animal feces"
"491","Unidentified forb"
"492","Moss"
"493","Unidentified forb"
"494","Unidentified subshrub"
"495","Unidentified subshrub"
"496","Litter"
"497","Rock"
"498","Bare"
"499","Wood"
"500","Pumice soil"
"501","Agropyron sp."
"502","Animal feces"
"503","Moss"
"504","Carex spp."
"505","Unidentified grass"
"506","Aristida spp."
"507","Erigeron spp."
"508","Unidentified forb"
"509","Chenopodium sp."
"510","Litter"
"511","Gravel"
"512","Rock"
"513","Moss"
"514","Wood"
"515","Bare"
"516","Root"
"517","litter"
"518","Unidentified forb"
"519","Unidentified grass"
"520","Carex spp."
"521","Litter"
"522","Gravel"
"523","Rock"
"524","Wood"
"525","Moss"
"526","Bare"
"527","Root"
"528","litter"
"529","Animal feces"
"530","Fungus"
"531","Unidentified forb"
"532","Carex spp."
"533","Unidentified grass"
"534","Litter"
"535","Bare"
"536","Rock"
"537","Moss"
"538","Wood"
"539","Carex spp."
"540","Senecio sp."
"541","Solidago spp."
"542","Litter"
"543","Pumice soil"
"544","Bare"
"545","Rock"
"546","Wood"
"547","Animal feces"
"548","Carex spp."
"549","Moss"
"550","Eriogonum sp."
"551","Litter"
"552","Pumice soil"
"553","Bare"
"554","Unidentified grass"
"555","Wood"
"556","Unidentified grass"
"557","Unidentified forb"
"558","Unidentified forb"
"559","Pumice soil"
"560","Litter"
"561","Bare"
"562","Rock"
"563","Moss"
"564","Wood"
"565","Animal feces"
"566","unknown Composite"
"567","Carex spp."
"568","Unidentified grass"
"569","Bare"
"570","Litter"
"571","Wood"
"572","Animal feces"
"573","Carex spp."
"574","Unidentified grass"
"575","Unidentified forb"
"576","Litter"
"577","Bare"
"578","Moss"
"579","Gravel"
"580","Wood"
"581","Animal feces"
"582","Carex spp."
"583","Unidentified grass"
"584","Litter"
"585","Wood"
"586","Carex spp."
"587","Antennaria spp."
"588","Bare"
"589","Litter"
"590","Wood"
"591","Pumice soil"
"592","Carex spp."
"593","Unknown plant"
"594","unknown Composite"
"595","Unidentified grass"
"596","Bare"
"597","Litter"
"598","Wood"
"599","Unidentified forb"
"600","Unidentified grass"
"601","Moss"
"602","Litter"
"603","Bare"
"604","Moss"
"605","Cryptogam"
"606","Wood"
"607","Carex spp."
"608","Erigeron spp."
"609","Litter"
"610","Unidentified forb"
"611","Unidentified forb"
"612","Unidentified shrub"
"613","Gravel"
"614","Bare"
"615","Wood"
"616","Rock"
"617","Unidentified grass"
"618","Unidentified grass"
"619","Carex spp."
"620","Gravel"
"621","Litter"
"622","Bare"
"623","Wood"
"624","Moss"
"625","Carex spp."
"626","Unidentified grass"
"627","Unidentified forb"
"628","Litter"
"629","Bare"
"630","Wood"
"631","unknown Composite"
"632","Quercus spp."
"633","Hieracium spp."
"634","Unidentified grass"
"635","Carex spp."
"636","Cirsium sp."
"637","Root"
"638","Pumice soil"
"639","Bare"
"640","Litter"
"641","Wood"
"642","Pumice soil"
"643","Litter"
"644","dead, attached BRIN lvs on grnd over bare"
"645","Bare"
"646","Unidentified grass"
"647","Wood"
"648","Unidentified forb"
"649","Unidentified subshrub"
"650","Unidentified forb"
"651","Pumice soil"
"652","Litter"
"653","Bare"
"654","Wood"
"655","Erigeron spp."
"656","Mushroom"
"657","Oenothera sp."
"658","Bare"
"659","Gravel"
"660","Litter"
"661","Moss"
"662","Wood"
"663","Carex spp."
"664","Unidentified grass"
"665","Litter"
"666","Bare"
"667","Gravel"
"668","Moss"
"669","Wood"
"670","Carex spp."
"671","Animal feces"
"672","Unidentified tree"
"673","Wood"
"674","Litter"
"675","Bare"
"676","Bare"
"677","Carex spp."
"678","Moss"
"679","Bare"
"680","Pumice soil"
"681","Litter"
"682","Wood"
"683","Unknown plant"
"684","Bare"
"685","Pumice soil"
"686","Litter"
"687","Wood"
"688","Unidentified forb"
"689","Unidentified grass"
"690","Root"
"691","Bare"
"692","Litter"
"693","Pumice soil"
"694","Wood"
"695","Erigeron spp."
"696","Moss"
"697","Carex spp."
"698","Gravel"
"699","Moss"
"700","Bare"
"701","Litter"
"702","Wood"
"703","Carex spp."
"704","Rock"
"705","Mushroom"
"706","Unidentified grass"
"707","Gravel"
"708","Litter"
"709","Moss"
"710","Bare"
"711","Carex spp."
"712","Wood"
"713","Fungus"
"714","Litter"
"715","Wood"
"716","Bare"
"717","Unidentified grass"
"718","Carex spp."
"719","Animal feces"
"720","Bare"
"721","unknown Composite"
"722","Cirsium sp."
"723","Pumice soil"
"724","Bare"
"725","Litter"
"726","Wood"
"727","Cirsium sp."
"728","Chenopodium sp."
"729","Root"
"730","Pumice soil"
"731","Litter"
"732","Bare"
"733","Unidentified forb"
"734","Unidentified grass"
"735","Wood"
"736","Moss"
"737","Unidentified shrub"
"738","Unidentified forb"
"739","Unidentified subshrub"
"740","Pumice soil"
"741","Litter"
"742","Bare"
"743","Wood"
"744","Moss"
"745","Unidentified forb"
"746","Erigeron spp."
"747","Gravel"
"748","Litter"
"749","Wood"
"750","Moss"
"751","Carex spp."
"752","Rock"
"753","Litter"
"754","Gravel"
"755","Moss"
"756","Wood"
"757","Carex spp."
"758","Bare"
"759","Rock"
"760","Animal feces"
"761","Fungus"
"762","Litter"
"763","Bare"
"764","Wood"
"765","Moss"
"766","Unidentified grass"
"767","Carex spp."
"768","Senecio sp."
"769","Pumice soil"
"770","Bare"
"771","Litter"
"772","Wood"
"773","Carex spp."
"774","Carex spp."
"775","Unidentified grass"
"776","Pumice soil"
"777","Litter"
"778","dead, attached BRIN lvs on grnd over bare"
"779","Bare"
"780","Moss"
"781","Wood"
"782","Cryptogam"
"783","Unidentified grass"
"784","Unidentified forb"
"785","Litter"
"786","Pumice soil"
"787","Bare"
"788","Carex spp."
"789","Moss"
"790","Wood"
"791","Moss"
"792","Erigeron spp."
"793","Unidentified grass"
"794","Unidentified forb"
"795","Gravel"
"796","Litter"
"797","Wood"
"798","Unidentified grass"
"799","Gravel"
"800","Litter"
"801","Bare"
"802","Wood"
"803","Animal feces"
"804","Rock"
"805","Carex spp."
"806","Litter"
"807","Bare"
"808","Wood"
"809","Unidentified grass"
"810","Carex spp."
"811","Pumice soil"
"812","Bare"
"813","Litter"
"814","Wood"
"815","Euphorbia spp."
"816","Mentzelia sp."
"817","Pumice soil"
"818","Bare"
"819","Litter"
"820","Unidentified subshrub"
"821","Animal feces"
"822","Wood"
"823","Unidentified grass"
"824","Unidentified forb"
"825","Unidentified grass"
"826","Unidentified forb"
"827","Pumice soil"
"828","Litter"
"829","Bare"
"830","Wood"
"831","Animal feces"
"832","Chenopodium sp."
"833","Unidentified grass"
"834","Erigeron spp."
"835","Gravel"
"836","Wood"
"837","Litter"
"838","Carex spp."
"839","Unidentified grass"
"840","Gravel"
"841","Litter"
"842","Bare"
"843","Carex spp."
"844","Wood"
"845","Rock"
"846","Animal feces"
"847","Fungus"
"848","Litter"
"849","Bare"
"850","Wood"
"851","Carex spp."
"852","Cirsium sp."
"853","Solidago spp."
"854","Pumice soil"
"855","Bare"
"856","Litter"
"857","Carex spp."
"858","Wood"
"859","Cirsium sp."
"860","Pumice soil"
"861","Litter"
"862","Bare"
"863","Moss"
"864","Wood"
"865","unknown Composite"
"866","Erigeron spp."
"867","Gravel"
"868","Bare"
"869","Unidentified grass"
"870","Litter"
"871","Wood"
"872","Root"
"873","Carex spp."
"874","Moss"
"875","Gravel"
"876","Litter"
"877","Bare"
"878","Carex spp."
"879","Moss"
"880","Wood"
"881","Root"
"882","Rock"
"883","Animal feces"
"884","Fungus"
"885","Litter"
"886","Bare"
"887","Wood"
"888","Carex spp."
"889","Rosa spp."
"890","Senecio sp."
"891","Unidentified grass"
"892","Pumice soil"
"893","Bare"
"894","Litter"
"895","Wood"
"896","Root"
"897","Moss"
"898","Carex spp."
"899","Carex spp."
"900","Pumice soil"
"901","Litter"
"902","Bare"
"903","Moss"
"904","Wood"
"905","Unidentified forb"
"906","Unidentified grass"
"907","Unidentified forb"
"908","Unidentified subshrub"
"909","Pumice soil"
"910","Litter"
"911","Bare"
"912","Wood"
"913","Moss"
"914","Cryptogam"
"915","Carex spp."
"916","Aster sp."
"917","Gravel"
"918","Litter"
"919","Wood"
"920","Animal feces"
"921","Moss"
"922","Carex spp."
"923","Unidentified grass"
"924","Unidentified forb"
"925","Litter"
"926","Gravel"
"927","Animal feces"
"928","Moss"
"929","Wood"
"930","Bare"
"931","Carex spp."
"932","Rock"
"933","Unidentified grass"
"934","Fungus"
"935","Litter"
"936","Bare"
"937","Wood"
"938","Carex spp."
"939","Aristida spp."
"940","Unidentified forb"
"941","Cirsium sp."
"942","Hieracium spp."
"943","Unidentified grass"
"944","Pumice soil"
"945","Bare"
"946","Litter"
"947","Wood"
"948","Unidentified forb"
"949","Cirsium sp."
"950","Cirsium sp."
"951","Pumice soil"
"952","Litter"
"953","Bare"
"954","Unidentified forb"
"955","Wood"
"956","dead, attached BRIN lvs on grnd over bare"
"957","Unidentified grass"
"958","Unidentified subshrub"
"959","Unidentified forb"
"960","Pumice soil"
"961","Litter"
"962","Bare"
"963","Animal feces"
"964","Wood"
"965","Carex spp."
"966","Unidentified forb"
"967","Erigeron spp."
"968","Litter"
"969","Moss"
"970","Unidentified forb"
"971","Bare"
"972","Animal feces"
"973","Wood"
"974","Unidentified grass"
"975","Carex spp."
"976","Litter"
"977","Moss"
"978","Bare"
"979","Wood"
"980","Carex spp."
"981","Unidentified grass"
"982","Animal feces"
"983","Unidentified grass"
"984","Litter"
"985","Wood"
"986","Bare"
"987","Carex spp."
"988","Poa sp."
"989","Unidentified grass"
"990","Bare"
"991","Litter"
"992","Wood"
"993","Carex spp."
"994","Carex spp."
"995","Bare"
"996","Litter"
"997","dead, attached BRIN lvs on grnd over bare"
"998","Wood"
"999","Cryptogam"
"1000","Unidentified grass"
"1001","Moss"
"1002","Unidentified forb"
"1003","Unknown plant"
"1004","Unidentified forb"
"1005","Litter"
"1006","Bare"
"1007","Moss"
"1008","Carex spp."
"1009","Wood"
"1010","Pumice soil"
"1011","Erigeron spp."
"1012","Carex spp."
"1013","Unidentified grass"
"1014","Erigeron spp."
"1015","Litter"
"1016","Gravel"
"1017","Bare"
"1018","Wood"
"1019","Moss"
"1020","Carex spp."
"1021","Unidentified grass"
"1022","Litter"
"1023","Gravel"
"1024","Bare"
"1025","Moss"
"1026","Wood"
"1027","Carex spp."
"1028","Animal feces"
"1029","Unidentified grass"
"1030","Litter"
"1031","Wood"
"1032","Bare"
"1033","Carex spp."
"1034","Antennaria spp."
"1035","Elymus sp."
"1036","Aristida spp."
"1037","Cirsium sp."
"1038","Unidentified grass"
"1039","Bare"
"1040","Pumice soil"
"1041","Litter"
"1042","Wood"
"1043","Carex spp."
"1044","Cirsium sp."
"1045","Unidentified grass"
"1046","Carex spp."
"1047","Bare"
"1048","Litter"
"1049","Pumice soil"
"1050","Unidentified forb"
"1051","Wood"
"1052","Unidentified grass"
"1053","Unidentified subshrub"
"1054","Unidentified shrub"
"1055","dead, attached BRIN lvs on grnd over bare"
"1056","Unidentified forb"
"1057","Litter"
"1058","Pumice soil"
"1059","Bare"
"1060","Wood"
"1061","Moss"
"1062","Erigeron spp."
"1063","Chenopodium sp."
"1064","Rock"
"1065","Carex spp."
"1066","Litter"
"1067","Moss"
"1068","Bare"
"1069","Wood"
"1070","Carex spp."
"1071","Gravel"
"1072","Rock"
"1073","Agropyron species"
"1074","Mushroom"
"1075","Unidentified grass"
"1076","Litter"
"1077","Moss"
"1078","Carex spp."
"1079","Bare"
"1080","Wood"
"1081","Gravel"
"1082","Unidentified forb"
"1083","Unidentified grass"
"1084","Frovaria sp."
"1085","Litter"
"1086","Wood"
"1087","Carex spp."
"1088","Bare"
"1089","Sporobolus species"
"1090","Onagraceae sp."
"1091","Unidentified grass"
"1092","Senecio sp."
"1093","unknown Composite"
"1094","Bare"
"1095","Litter"
"1096","Unknown plant"
"1097","Wood"
"1098","Pumice soil"
"1099","Bare"
"1100","Litter"
"1101","Unidentified forb"
"1102","Wood"
"1103","Unidentified grass"
"1104","Unidentified grass"
"1105","Unidentified forb"
"1106","Bare"
"1107","Litter"
"1108","Wood"
"1109","unknown Composite"
"1110","Cryptogam"
"1111","Erigeron spp."
"1112","Litter"
"1113","Gravel"
"1114","Bare"
"1115","Unidentified grass"
"1116","Wood"
"1117","Carex spp."
"1118","Litter"
"1119","Gravel"
"1120","Bare"
"1121","Wood"
"1122","Carex spp."
"1123","Rock"
"1124","Animal feces"
"1125","Moss"
"1126","Unidentified grass"
"1127","Litter"
"1128","Bare"
"1129","Wood"
"1130","Carex spp."
"1131","Animal feces"
"1132","Cirsium sp."
"1133","Amaranthus sp"
"1134","Mentzelia sp."
"1135","Descurainia spp."
"1136","Amaranthus sp"
"1137","Geranium species"
"1138","Hackelia sp."
"1139","Pumice soil"
"1140","Bare"
"1141","Litter"
"1142","Wood"
"1143","Unknown plant"
"1144","Unidentified forb"
"1145","Descurainia spp."
"1146","Mentzelia sp."
"1147","Cirsium sp."
"1148","Chenopodium sp."
"1149","Pumice soil"
"1150","Litter"
"1151","Bare"
"1152","Wood"
"1153","dead, attached BRIN lvs on grnd over bare"
"1154","Unidentified forb"
"1155","Rock"
"1156","Unidentified grass"
"1157","Unidentified forb"
"1158","Unidentified shrub"
"1159","Unidentified subshrub"
"1160","Pumice soil"
"1161","Litter"
"1162","Bare"
"1163","Wood"
"1164","unknown Composite"
"1165","Moss"
"1166","Oenothera sp."
"1167","Unidentified grass"
"1168","Rock"
"1169","Geranium species"
"1170","Erigeron spp."
"1171","Gravel"
"1172","Litter"
"1173","Moss"
"1174","Bare"
"1175","Root"
"1176","Wood"
"1177","Unidentified grass"
"1178","Mushroom"
"1179","Human debris, inorganic"
"1180","Carex spp."
"1181","Unidentified forb"
"1182","Gravel"
"1183","Litter"
"1184","Moss"
"1185","Wood"
"1186","Animal feces"
"1187","Carex spp."
"1188","Rock"
"1189","Bare"
"1190","Litter"
"1191","Bare"
"1192","Wood"
"1193","Carex spp."
"1194","Senecio sp."
"1195","Hieracium spp."
"1196","Solidago spp."
"1197","Pumice soil"
"1198","Bare"
"1199","Litter"
"1200","Wood"
"1201","Unidentified grass"
"1202","Unidentified grass"
"1203","Unidentified forb"
"1204","Cirsium sp."
"1205","Pumice soil"
"1206","Litter"
"1207","Bare"
"1208","dead, attached BRIN lvs on grnd over bare"
"1209","Rock"
"1210","Unidentified grass"
"1211","Unidentified forb"
"1212","Cryptogam"
"1213","Unidentified subshrub"
"1214","Moss"
"1215","Unidentified forb"
"1216","Unidentified subshrub"
"1217","Wood"
"1218","Pumice soil"
"1219","Litter"
"1220","Bare"
"1221","Wood"
"1222","Moss"
"1223","Erigeron spp."
"1224","Unidentified forb"
"1225","Unidentified grass"
"1226","Litter"
"1227","Gravel"
"1228","Rock"
"1229","Bare"
"1230","Root"
"1231","Moss"
"1232","Wood"
"1233","Carex spp."
"1234","Bare"
"1235","Litter"
"1236","Wood"
"1237","Rock"
"1238","Carex spp."
"1239","Geranium species"
"1240","Senecio sp."
"1241","Oenothera sp."
"1242","Solidago spp."
"1243","Pumice soil"
"1244","Bare"
"1245","Rock"
"1246","Litter"
"1247","Wood"
"1248","Moss"
"1249","Euphorbia spp."
"1250","Pumice soil"
"1251","Bare"
"1252","Rock"
"1253","Litter"
"1254","Unidentified grass"
"1255","Moss"
"1256","Unidentified forb"
"1257","Wood"
"1258","Unknown plant"
"1259","Root"
"1260","Unidentified forb"
"1261","Unidentified grass"
"1262","Unidentified subshrub"
"1263","Pumice soil"
"1264","Rock"
"1265","Litter"
"1266","Bare"
"1267","Unidentified grass"
"1268","Moss"
"1269","Unidentified grass"
"1270","Moss"
"1271","Agropyron sp."
"1272","Wood"
"1273","unknown Composite"
"1274","Carex spp."
"1275","Erigeron spp."
"1276","Mushroom"
"1277","Oenothera sp."
"1278","Litter"
"1279","Moss"
"1280","Bare"
"1281","Wood"
"1282","Gravel"
"1283","Ant hill"
"1284","Carex spp."
"1285","Mushroom"
"1286","Unidentified grass"
"1287","Litter"
"1288","Moss"
"1289","Bare"
"1290","Wood"
"1291","Gravel"
"1292","Fungus"
"1293","Animal feces"
"1294","Carex spp."
"1295","Unidentified forb"
"1296","Litter"
"1297","Wood"
"1298","Carex spp."
"1299","Antennaria spp."
"1300","Solidago spp."
"1301","Moss"
"1302","Bare"
"1303","Litter"
"1304","Wood"
"1305","Carex spp."
"1306","Litter"
"1307","Bare"
"1308","Moss"
"1309","Wood"
"1310","Pumice soil"
"1311","Carex spp."
"1312","Gravel"
"1313","Litter"
"1314","Moss"
"1315","Wood"
"1316","Bare"
"1317","Fungus"
"1318","Root"
"1319","Carex spp."
"1320","Unidentified grass"
"1321","Unidentified forb"
"1322","Mushroom"
"1323","Gravel"
"1324","Litter"
"1325","Moss"
"1326","Wood"
"1327","Bare"
"1328","Rock"
"1329","Root"
"1330","Carex spp."
"1331","Cirsium spp."
"1332","Cirsium spp."
"1333","Fungus"
"1334","Litter"
"1335","Bare"
"1336","Wood"
"1337","Carex spp."
"1338","Geranium species"
"1339","Cirsium sp."
"1340","Pumice soil"
"1341","Litter"
"1342","Bare"
"1343","Wood"
"1344","Unidentified forb"
"1345","unknown Composite"
"1346","unknown Composite"
"1347","Pumice soil"
"1348","Litter"
"1349","Bare"
"1350","Rock"
"1351","Moss"
"1352","Wood"
"1353","unknown Composite"
"1354","Erigeron spp."
"1355","Unidentified forb"
"1356","Carex spp."
"1357","Mentzelia sp."
"1358","Chenopodium sp."
"1359","Unidentified forb"
"1360","Muhlenbergia species"
"1361","Litter"
"1362","Bare"
"1363","Rock"
"1364","Gravel"
"1365","Animal feces"
"1366","litter"
"1367","Moss"
"1368","Carex spp."
"1369","Wood"
"1370","Unidentified grass"
"1371","Unidentified grass"
"1372","Unidentified forb"
"1373","Litter"
"1374","Rock"
"1375","Gravel"
"1376","Carex spp."
"1377","Wood"
"1378","litter"
"1379","Animal feces"
"1380","Bare"
"1381","Unidentified grass"
"1382","Moss"
"1383","Unidentified grass"
"1384","Litter"
"1385","Wood"
"1386","Rock"
"1387","Carex spp."
"1388","Bare"
"1389","Rock"
"1390","Litter"
"1391","Wood"
"1392","Eriogonum sp."
"1393","Carex spp."
"1394","Carex spp."
"1395","Carex spp."
"1396","Litter"
"1397","Bare"
"1398","Pumice soil"
"1399","Rock"
"1400","Wood"
"1401","Unidentified forb"
"1402","Unidentified forb"
"1403","Animal feces"
"1404","Unidentified subshrub"
"1405","Unidentified grass"
"1406","Pumice soil"
"1407","Litter"
"1408","Bare"
"1409","Rock"
"1410","Wood"
"1411","Carex spp."
"1412","Animal feces"
"1413","Moss"
"1414","Erigeron spp."
"1415","Litter"
"1416","Rock"
"1417","Gravel"
"1418","Bare"
"1419","Moss"
"1420","Wood"
"1421","Carex spp."
"1422","Unidentified forb"
"1423","Mushroom"
"1424","Litter"
"1425","Rock"
"1426","Gravel"
"1427","Moss"
"1428","Wood"
"1429","Bare"
"1430","Carex spp."
"1431","Animal feces"
"1432","Carex spp."
"1433","Unidentified grass"
"1434","Litter"
"1435","Rock"
"1436","Bare"
"1437","Carex spp."
"1438","Wood"
"1439","Bare"
"1440","Rock"
"1441","Litter"
"1442","Unknown plant"
"1443","Wood"
"1444","Pumice soil"
"1445","Chenopodium sp."
"1446","Cirsium sp."
"1447","Carex spp."
"1448","Unidentified forb"
"1449","Chenopodium sp."
"1450","Litter"
"1451","Bare"
"1452","Rock"
"1453","Pumice soil"
"1454","Unidentified grass"
"1455","Wood"
"1456","Unidentified forb"
"1457","Unidentified forb"
"1458","Unidentified shrub"
"1459","Litter"
"1460","Rock"
"1461","Pumice soil"
"1462","Bare"
"1463","Wood"
"1464","Geranium species"
"1465","Carex spp."
"1466","Unidentified forb"
"1467","Erigeron spp."
"1468","Unidentified grass"
"1469","Lactuca spp."
"1470","Gravel"
"1471","Bare"
"1472","Litter"
"1473","Unidentified grass"
"1474","Moss"
"1475","Wood"
"1476","Root"
"1477","Mushroom"
"1478","Bare"
"1479","Litter"
"1480","Wood"
"1481","Unidentified grass"
"1482","Litter"
"1483","Bare"
"1484","Wood"
"1485","Unidentified grass"
"1486","Carex spp."
"1487","Moss"
"1488","unknown Penstemon"
"1489","Bare"
"1490","Litter"
"1491","Wood"
"1492","Bare"
"1493","Litter"
"1494","dead, attached BRIN lvs on grnd over bare"
"1495","Wood"
"1496","Unidentified forb"
"1497","Unidentified forb"
"1498","Unidentified grass"
"1499","Bare"
"1500","Litter"
"1501","Pumice soil"
"1502","Wood"
"1503","Erigeron spp."
"1504","Agropyron sp."
"1505","Chenopodium sp."
"1506","Agropyron sp."
"1507","Gravel"
"1508","Litter"
"1509","Wood"
"1510","Cirsium spp."
"1511","Unidentified grass"
"1512","Unidentified grass"
"1513","Gravel"
"1514","Litter"
"1515","Wood"
"1516","Animal feces"
"1517","Cirsium spp."
"1518","Unidentified grass"
"1519","Mentzelia sp."
"1520","Cirsium spp."
"1521","Unidentified forb"
"1522","Litter"
"1523","Wood"
"1524","Bare"
"1525","Carex spp."
"1526","Unidentified grass"
"1527","Cirsium sp."
"1528","Cirsium sp."
"1529","Pumice soil"
"1530","Bare"
"1531","Litter"
"1532","Rock"
"1533","Unidentified grass"
"1534","Wood"
"1535","Unknown plant"
"1536","Phacelia spp."
"1537","Unidentified grass"
"1538","Pumice soil"
"1539","Bare"
"1540","Litter"
"1541","Rock"
"1542","Unidentified grass"
"1543","Unidentified forb"
"1544","Unidentified forb"
"1545","Unidentified subshrub"
"1546","Pumice soil"
"1547","Litter"
"1548","Bare"
"1549","Rock"
"1550","Agropyron sp."
"1551","Ant hill"
"1552","Wood"
"1553","Erigeron spp."
"1554","unknown Composite"
"1555","Gravel"
"1556","Litter"
"1557","Bare"
"1558","Rock"
"1559","Wood"
"1560","Carex spp."
"1561","Litter"
"1562","Gravel"
"1563","Rock"
"1564","Bare"
"1565","Moss"
"1566","Carex spp."
"1567","Wood"
"1568","Litter"
"1569","Rock"
"1570","Wood"
"1571","Bare"
"1572","Moss"
"1573","Animal feces"
"1574","Carex spp."
"1575","Unidentified forb"
"1576","Unidentified forb"
"1577","Litter"
"1578","Pumice soil"
"1579","Rock"
"1580","Bare"
"1581","Moss"
"1582","Sporobolus species"
"1583","Solidago spp."
"1584","Animal feces"
"1585","Unidentified forb"
"1586","Chenopodium sp."
"1587","Wood"
"1588","Carex spp."
"1589","Bare"
"1590","Gravel"
"1591","Litter"
"1592","Rock"
"1593","Wood"
"1594","Carex spp."
"1595","Unidentified forb"
"1596","Gravel"
"1597","Bare"
"1598","Litter"
"1599","Rock"
"1600","Wood"
"1601","Carex spp."
"1602","Cirsium spp."
"1603","Litter"
"1604","Bare"
"1605","Rock"
"1606","Wood"
"1607","Unidentified forb"
"1608","Cryptogam"
"1609","Moss"
"1610","Carex spp."
"1611","Gravel"
"1612","Animal feces"
"1613","Carex spp."
"1614","Unidentified grass"
"1615","unknown Composite"
"1616","Cirsium spp."
"1617","Chenopodium sp."
"1618","Unidentified forb"
"1619","Chenopodium sp."
"1620","Solidago species"
"1621","Bare"
"1622","Litter"
"1623","Wood"
"1624","Pumice soil"
"1625","Rock"
"1626","Unidentified grass"
"1627","Carex spp."
"1628","Animal feces"
"1629","Chenopodium sp."
"1630","Sphaeralcea species"
"1631","unknown Composite"
"1632","Bare"
"1633","Litter"
"1634","Pumice soil"
"1635","Wood"
"1636","Unidentified grass"
"1637","Sporobolus species"
"1638","Rock"
"1639","Moss"
"1640","Animal feces"
"1641","Cryptogam"
"1642","Sphaeralcea species"
"1643","Unidentified grass"
"1644","Erigeron spp."
"1645","Carex spp."
"1646","unknown Composite"
"1647","Chenopodium sp."
"1648","Gravel"
"1649","Litter"
"1650","Wood"
"1651","Unidentified grass"
"1652","Unidentified grass"
"1653","Cirsium spp."
"1654","Gravel"
"1655","Litter"
"1656","Wood"
"1657","Bare"
"1658","Animal feces"
"1659","Carex spp."
"1660","Unidentified forb"
"1661","Cirsium spp."
"1662","Chenopodium sp."
"1663","Litter"
"1664","Bare"
"1665","Wood"
"1666","Solidago spp."
"1667","Geranium species"
"1668","Carex spp."
"1669","Agrostis sp."
"1670","Cirsium sp."
"1671","Pumice soil"
"1672","Bare"
"1673","Litter"
"1674","Wood"
"1675","Unidentified grass"
"1676","Unknown plant"
"1677","Unidentified forb"
"1678","Unidentified forb"
"1679","Pumice soil"
"1680","Litter"
"1681","Unidentified grass"
"1682","Bare"
"1683","Unidentified forb"
"1684","Wood"
"1685","Unidentified grass"
"1686","Unidentified forb"
"1687","Unidentified subshrub"
"1688","Animal feces"
"1689","Pumice soil"
"1690","Litter"
"1691","Bare"
"1692","Erigeron spp."
"1693","Wood"
"1694","Cryptogam"
"1695","Unidentified grass"
"1696","Quercus spp."
"1697","Unidentified grass"
"1698","Unknown plant"
"1699","Gravel"
"1700","Wood"
"1701","Root"
"1702","Rock"
"1703","Unidentified grass"
"1704","Gravel"
"1705","Litter"
"1706","Wood"
"1707","Rock"
"1708","Unidentified grass"
"1709","Bare"
"1710","Unidentified forb"
"1711","Carex spp."
"1712","Litter"
"1713","Bare"
"1714","Wood"
"1715","Unidentified grass"
"1716","Moss"
"1717","Senecio sp."
"1718","Asclepias sp."
"1719","Carex spp."
"1720","unknown Penstemon"
"1721","Solidago spp."
"1722","Cirsium sp."
"1723","Unidentified forb"
"1724","Cirsium sp."
"1725","Ribes sp."
"1726","Pumice soil"
"1727","Bare"
"1728","Litter"
"1729","Wood"
"1730","Cirsium sp."
"1731","Cirsium sp."
"1732","Unidentified grass"
"1733","Unidentified grass"
"1734","Brickellia sp."
"1735","Pumice soil"
"1736","Litter"
"1737","Bare"
"1738","Wood"
"1739","Unidentified forb"
"1740","Unidentified grass"
"1741","Unidentified subshrub"
"1742","Unidentified grass"
"1743","Unidentified forb"
"1744","Pumice soil"
"1745","Litter"
"1746","Bare"
"1747","Agropyron sp."
"1748","Wood"
"1749","Unidentified forb"
"1750","unknown Composite"
"1751","unknown Composite"
"1752","unknown Penstemon"
"1753","Erigeron spp."
"1754","Carex spp."
"1755","Gravel"
"1756","Rock"
"1757","Bare"
"1758","Moss"
"1759","Wood"
"1760","Litter"
"1761","Carex spp."
"1762","Gravel"
"1763","Rock"
"1764","Litter"
"1765","Bare"
"1766","Moss"
"1767","Carex spp."
"1768","Animal feces"
"1769","Wood"
"1770","Frovaria sp."
"1771","Litter"
"1772","Rock"
"1773","Bare"
"1774","Wood"
"1775","Moss"
"1776","Unidentified forb"
"1777","Carex spp."
"1778","Unidentified grass"
"1779","Animal feces"
"1780","Litter"
"1781","Rock"
"1782","Pumice soil"
"1783","Bare"
"1784","Wood"
"1785","Carex spp."
"1786","Moss"
"1787","Animal feces"
"1788","Gravel"
"1789","Rock"
"1790","Wood"
"1791","Litter"
"1792","Unidentified forb"
"1793","Solidago species"
"1794","Carex spp."
"1795","Gravel"
"1796","Litter"
"1797","Wood"
"1798","Rock"
"1799","Bare"
"1800","Animal feces"
"1801","Unidentified forb"
"1802","Litter"
"1803","Bare"
"1804","Wood"
"1805","Rock"
"1806","Solidago species"
"1807","Animal feces"
"1808","Unidentified forb"
"1809","Chenopodium sp."
"1810","Chenopodium sp."
"1811","Solidago species"
"1812","Pumice soil"
"1813","Bare"
"1814","Litter"
"1815","Wood"
"1816","Rock"
"1817","Festuca sp."
"1818","Unidentified forb"
"1819","Euphorbia spp."
"1820","Unknown plant"
"1821","Unidentified grass"
"1822","Pumice soil"
"1823","Litter"
"1824","Bare"
"1825","Wood"
"1826","Rock"
"1827","Unidentified grass"
"1828","Animal feces"
"1829","Chenopodium sp."
"1830","Cryptogam"
"1831","Quercus spp."
"1832","Unidentified forb"
"1833","Erigeron spp."
"1834","Sporobolus species"
"1835","Sphaeralcea species"
"1836","Litter"
"1837","Bare"
"1838","Wood"
"1839","Unidentified grass"
"1840","Unidentified forb"
"1841","Litter"
"1842","Bare"
"1843","Wood"
"1844","litter"
"1845","Rock"
"1846","Animal feces"
"1847","Solidago species"
"1848","Solidago species"
"1849","Carex spp."
"1850","Litter"
"1851","Bare"
"1852","Wood"
"1853","Moss"
"1854","Animal feces"
"1855","Carex spp."
"1856","Unidentified grass"
"1857","Unidentified forb"
"1858","Litter"
"1859","Bare"
"1860","Wood"
"1861","Animal feces"
"1862","Chenopodium sp."
"1863","Solidago spp."
"1864","Litter"
"1865","Bare"
"1866","Wood"
"1867","Moss"
"1868","Animal feces"
"1869","Erigeron spp."
"1870","Cryptogam"
"1871","Agropyron sp."
"1872","Chenopodium sp."
"1873","Oenothera sp."
"1874","Unidentified forb"
"1875","Unidentified grass"
"1876","Sporobolus species"
"1877","unknown Composite"
"1878","Unidentified forb"
"1879","Litter"
"1880","Bare"
"1881","Gravel"
"1882","Wood"
"1883","Unidentified grass"
"1884","Carex spp."
"1885","Litter"
"1886","Bare"
"1887","Moss"
"1888","Wood"
"1889","Animal feces"
"1890","Gravel"
"1891","Unidentified grass"
"1892","Carex spp."
"1893","Unidentified grass"
"1894","Litter"
"1895","Wood"
"1896","Bare"
"1897","Carex spp."
"1898","Unidentified grass"
"1899","Cirsium sp."
"1900","Bare"
"1901","Litter"
"1902","Pumice soil"
"1903","Wood"
"1904","Animal feces"
"1905","Cirsium sp."
"1906","Litter"
"1907","Bare"
"1908","Moss"
"1909","Wood"
"1910","Unidentified forb"
"1911","Rock"
"1912","Unidentified grass"
"1913","Unidentified forb"
"1914","Litter"
"1915","Bare"
"1916","Pumice soil"
"1917","Wood"
"1918","Moss"
"1919","Erigeron spp."
"1920","Animal feces"
"1921","Unidentified forb"
"1922","Unidentified grass"
"1923","Litter"
"1924","Gravel"
"1925","Bare"
"1926","Moss"
"1927","Wood"
"1928","Unidentified grass"
"1929","Mushroom"
"1930","Unidentified grass"
"1931","Carex spp."
"1932","Unidentified forb"
"1933","Litter"
"1934","Gravel"
"1935","Wood"
"1936","Bare"
"1937","Moss"
"1938","Animal feces"
"1939","Carex spp."
"1940","Unidentified grass"
"1941","Litter"
"1942","Bare"
"1943","Wood"
"1944","Animal feces"
"1945","Unidentified grass"
"1946","Cirsium sp."
"1947","Unidentified forb"
"1948","unknown Composite"
"1949","Carex spp."
"1950","unknown Cruciferae"
"1951","Bare"
"1952","Pumice soil"
"1953","Litter"
"1954","Wood"
"1955","Cirsium sp."
"1956","Litter"
"1957","Bare"
"1958","Pumice soil"
"1959","Unidentified subshrub"
"1960","Wood"
"1961","Unidentified forb"
"1962","Unidentified forb"
"1963","Unidentified subshrub"
"1964","Unidentified grass"
"1965","Pumice soil"
"1966","Litter"
"1967","Bare"
"1968","Wood"
"1969","Erigeron spp."
"1970","Carex spp."
"1971","Chenopodium sp."
"1972","Erigeron spp."
"1973","Unidentified grass"
"1974","Animal feces"
"1975","Geranium species"
"1976","Litter"
"1977","Bare"
"1978","Wood"
"1979","Moss"
"1980","litter"
"1981","Carex spp."
"1982","Gravel"
"1983","Rock"
"1984","Litter"
"1985","Wood"
"1986","Gravel"
"1987","Carex spp."
"1988","Moss"
"1989","litter"
"1990","Rock"
"1991","Litter"
"1992","Bare"
"1993","Wood"
"1994","Carex spp."
"1995","Carex spp."
"1996","Unidentified grass"
"1997","Pumice soil"
"1998","Litter"
"1999","Bare"
"2000","Wood"
"2001","Animal feces"
"2002","Cryptogam"
"2003","unknown Composite"
"2004","Sporobolus species"
"2005","Moss"
"2006","Unidentified grass"
"2007","Chenopodium sp."
"2008","Artemisia species"
"2009","Litter"
"2010","Rock"
"2011","Moss"
"2012","Gravel"
"2013","Bare"
"2014","Carex spp."
"2015","Fungus"
"2016","Wood"
"2017","Unidentified grass"
"2018","Unidentified forb"
"2019","Unidentified grass"
"2020","Litter"
"2021","Rock"
"2022","Bare"
"2023","Moss"
"2024","Gravel"
"2025","Wood"
"2026","Carex spp."
"2027","Animal feces"
"2028","Solidago species"
"2029","Solidago species"
"2030","Litter"
"2031","Rock"
"2032","Bare"
"2033","Wood"
"2034","Animal feces"
"2035","Moss"
"2036","Carex spp."
"2037","Cirsium spp."
"2038","Unidentified forb"
"2039","Unidentified forb"
"2040","Unidentified grass"
"2041","unknown Penstemon"
"2042","Litter"
"2043","Bare"
"2044","Rock"
"2045","Pumice soil"
"2046","Moss"
"2047","Wood"
"2048","Unknown plant"
"2049","Unidentified grass"
"2050","Carex spp."
"2051","Animal feces"
"2052","Erigeron spp."
"2053","Sporobolus species"
"2054","Unidentified grass"
"2055","Litter"
"2056","Moss"
"2057","Wood"
"2058","Unidentified grass"
"2059","Mushroom"
"2060","Carex spp."
"2061","Litter"
"2062","Moss"
"2063","Wood"
"2064","litter"
"2065","Carex spp."
"2066","Litter"
"2067","Wood"
"2068","Unidentified forb"
"2069","Carex spp."
"2070","Pumice soil"
"2071","Bare"
"2072","Litter"
"2073","Lappula sp."
"2074","Wood"
"2075","Brickellia sp."
"2076","Unidentified grass"
"2077","Litter"
"2078","Pumice soil"
"2079","Bare"
"2080","Wood"
"2081","Unidentified grass"
"2082","Unidentified forb"
"2083","Unidentified forb"
"2084","Pumice soil"
"2085","Litter"
"2086","Bare"
"2087","Moss"
"2088","Wood"
"2089","Oenothera sp."
"2090","Unidentified forb"
"2091","Oenothera sp."
"2092","Erigeron spp."
"2093","unknown Composite"
"2094","Litter"
"2095","Gravel"
"2096","Root"
"2097","Wood"
"2098","Unidentified grass"
"2099","Cirsium spp."
"2100","Unidentified forb"
"2101","Litter"
"2102","Bare"
"2103","Gravel"
"2104","Wood"
"2105","litter"
"2106","Animal feces"
"2107","Carex spp."
"2108","Unidentified grass"
"2109","Cirsium spp."
"2110","Litter"
"2111","Bare"
"2112","Wood"
"2113","Hackelia sp."
"2114","Unidentified grass"
"2115","Carex spp."
"2116","Unidentified forb"
"2117","unknown Composite"
"2118","Chenopodium sp."
"2119","Unidentified forb"
"2120","Chenopodium sp."
"2121","Poa sp."
"2122","Pumice soil"
"2123","Bare"
"2124","Litter"
"2125","Wood"
"2126","Unknown plant"
"2127","Chenopodium sp."
"2128","Phacelia spp."
"2129","Euphorbia spp."
"2130","Chenopodium sp."
"2131","Pumice soil"
"2132","Litter"
"2133","Unidentified subshrub"
"2134","Bare"
"2135","Wood"
"2136","Unidentified forb"
"2137","Unidentified grass"
"2138","Unidentified grass"
"2139","Unidentified forb"
"2140","Pumice soil"
"2141","Litter"
"2142","Bare"
"2143","Wood"
"2144","Animal feces"
"2145","unknown Composite"
"2146","Rock"
"2147","Phacelia spp."
"2148","Litter"
"2149","Moss"
"2150","Gravel"
"2151","Bare"
"2152","Wood"
"2153","Unidentified forb"
"2154","Carex spp."
"2155","Rock"
"2156","Unidentified grass"
"2157","Unidentified tree"
"2158","Unidentified forb"
"2159","Litter"
"2160","Gravel"
"2161","Bare"
"2162","Moss"
"2163","Wood"
"2164","Carex spp."
"2165","Animal feces"
"2166","Unidentified tree"
"2167","Frovaria sp."
"2168","Litter"
"2169","Wood"
"2170","Bare"
"2171","Moss"
"2172","Carex spp."
"2173","Unidentified grass"
"2174","Hieracium spp."
"2175","Senecio sp."
"2176","Cirsium sp."
"2177","Oenothera sp."
"2178","Bare"
"2179","Litter"
"2180","Pumice soil"
"2181","Wood"
"2182","Antennaria spp."
"2183","Unidentified grass"
"2184","Carex spp."
"2185","Amaranthus sp"
"2186","Carex spp."
"2187","Cirsium sp."
"2188","Cirsium sp."
"2189","Litter"
"2190","Bare"
"2191","dead, attached BRIN lvs on grnd over bare"
"2192","Unidentified grass"
"2193","Pumice soil"
"2194","Moss"
"2195","Unidentified forb"
"2196","Animal feces"
"2197","Unidentified forb"
"2198","Wood"
"2199","Litter"
"2200","Pumice soil"
"2201","Bare"
"2202","Moss"
"2203","Oenothera sp."
"2204","Erigeron spp."
"2205","Wood"
"2206","Unidentified grass"
"2207","Unidentified forb"
"2208","Carex spp."
"2209","Bouteloua sp."
"2210","Gravel"
"2211","Rock"
"2212","Litter"
"2213","Bare"
"2214","Wood"
"2215","Unidentified grass"
"2216","Carex spp."
"2217","Litter"
"2218","Gravel"
"2219","Rock"
"2220","Bare"
"2221","Wood"
"2222","Root"
"2223","Animal feces"
"2224","Carex spp."
"2225","Poa sp."
"2226","Unidentified forb"
"2227","Litter"
"2228","Rock"
"2229","Bare"
"2230","Gravel"
"2231","Wood"
"2232","Poa spp."
"2233","Carex spp."
"2234","Unidentified forb"
"2235","Unidentified grass"
"2236","Carex spp."
"2237","Unidentified forb"
"2238","Chenopodium sp."
"2239","unknown Composite"
"2240","Chenopodium sp."
"2241","Bare"
"2242","Litter"
"2243","Rock"
"2244","Wood"
"2245","Carex spp."
"2246","Sporobolus species"
"2247","Unidentified grass"
"2248","Litter"
"2249","Gravel"
"2250","Rock"
"2251","Bare"
"2252","Moss"
"2253","Wood"
"2254","litter"
"2255","Carex spp."
"2256","Unidentified grass"
"2257","Unidentified forb"
"2258","Mushroom"
"2259","Litter"
"2260","Bare"
"2261","Gravel"
"2262","Rock"
"2263","Wood"
"2264","Moss"
"2265","Unidentified grass"
"2266","Carex spp."
"2267","Litter"
"2268","Wood"
"2269","Rock"
"2270","Unidentified forb"
"2271","Bare"
"2272","Moss"
"2273","Animal feces"
"2274","Carex spp."
"2275","Gravel"
"2276","Unidentified grass"
"2277","Unidentified grass"
"2278","Unidentified forb"
"2279","Artemisia species"
"2280","Chenopodium sp."
"2281","Bare"
"2282","Litter"
"2283","Rock"
"2284","Wood"
"2285","Sporobolus species"
"2286","Carex spp."
"2287","Animal feces"
"2288","Chenopodium sp."
"2289","Litter"
"2290","Rock"
"2291","Gravel"
"2292","Wood"
"2293","Bare"
"2294","Unidentified grass"
"2295","Unidentified grass"
"2296","Carex spp."
"2297","litter"
"2298","Moss"
"2299","Unidentified grass"
"2300","Unidentified forb"
"2301","Root"
"2302","Unidentified tree"
"2303","Litter"
"2304","Rock"
"2305","Gravel"
"2306","Bare"
"2307","Wood"
"2308","litter"
"2309","Unidentified grass"
"2310","Moss"
"2311","Unidentified forb"
"2312","Carex spp."
"2313","Animal feces"
"2314","Unidentified forb"
"2315","Unidentified grass"
"2316","Litter"
"2317","Rock"
"2318","Bare"
"2319","Wood"
"2320","Unidentified grass"
"2321","Carex spp."
"2322","Moss"
"2323","Carex spp."
"2324","Poa spp."
"2325","Chenopodium sp."
"2326","Bare"
"2327","Rock"
"2328","Litter"
"2329","Pumice soil"
"2330","Wood"
"2331","Unidentified grass"
"2332","Carex spp."
"2333","unknown Composite"
"2334","Unknown plant"
"2335","Bare"
"2336","Litter"
"2337","Pumice soil"
"2338","Rock"
"2339","Moss"
"2340","Wood"
"2341","Sporobolus species"
"2342","Quercus spp."
"2343","Carex spp."
"2344","Unidentified grass"
"2345","Erigeron spp."
"2346","Unidentified forb"
"2347","Chenopodium sp."
"2348","Unidentified grass"
"2349","Unidentified forb"
"2350","Litter"
"2351","Gravel"
"2352","Bare"
"2353","Wood"
"2354","Root"
"2355","litter"
"2356","Carex spp."
"2357","Mushroom"
"2358","Unidentified forb"
"2359","Unidentified grass"
"2360","Unidentified forb"
"2361","Litter"
"2362","Gravel"
"2363","Wood"
"2364","Bare"
"2365","Moss"
"2366","Carex spp."
"2367","Frovaria sp."
"2368","Unidentified forb"
"2369","Unidentified forb"
"2370","Litter"
"2371","Bare"
"2372","Wood"
"2373","Elymus sp."
"2374","Brickellia sp."
"2375","Carex spp."
"2376","Mentzelia sp."
"2377","Cirsium sp."
"2378","Pumice soil"
"2379","Bare"
"2380","Litter"
"2381","Wood"
"2382","Cirsium sp."
"2383","Brickellia sp."
"2384","Pumice soil"
"2385","Litter"
"2386","Bare"
"2387","Unidentified grass"
"2388","Wood"
"2389","Unidentified forb"
"2390","Unidentified forb"
"2391","Unidentified subshrub"
"2392","Rock"
"2393","Unidentified shrub"
"2394","Unidentified subshrub"
"2395","Pumice soil"
"2396","Litter"
"2397","Bare"
"2398","Wood"
"2399","Moss"
"2400","Unidentified forb"
"2401","unknown Composite"
"2402","Phacelia spp."
"2403","Carex spp."
